{"mean_reward": 252.7248375, "std_reward": 13.976485497313478, "is_deterministic": true, "n_eval_episodes": 10, "eval_datetime": "2024-05-05T06:57:55.040144"}